{
	"IcoMoonType": "selection",
	"icons": [
		{
			"icon": {
				"paths": [
					"M304 608c0 114.876 93.124 208 208 208s208-93.124 208-208-93.124-208-208-208-208 93.124-208 208zM960 256h-224c-16-64-32-128-96-128h-256c-64 0-80 64-96 128h-224c-35.2 0-64 28.8-64 64v576c0 35.2 28.8 64 64 64h896c35.2 0 64-28.8 64-64v-576c0-35.2-28.8-64-64-64zM512 892c-156.85 0-284-127.148-284-284 0-156.85 127.15-284 284-284 156.852 0 284 127.15 284 284 0 156.852-127.146 284-284 284zM960 448h-128v-64h128v64z"
				],
				"attrs": [],
				"isMulticolor": false,
				"tags": [
					"camera",
					"photo",
					"picture",
					"image"
				],
				"grid": 16
			},
			"attrs": [],
			"properties": {
				"order": 1,
				"prevSize": 16,
				"ligatures": "camera, photo",
				"name": "camera",
				"id": 16
			},
			"setIdx": 0,
			"setId": 0,
			"iconIdx": 15
		}
	],
	"height": 1024,
	"preferences": {
		"showGlyphs": true,
		"showQuickUse": true,
		"showQuickUse2": true,
		"showSVGs": true,
		"fontPref": {
			"prefix": "icon-",
			"metadata": {
				"fontFamily": "icomoon"
			},
			"metrics": {
				"emSize": 1024,
				"baseline": 6.25,
				"whitespace": 50
			},
			"embed": false
		},
		"imagePref": {
			"prefix": "icon-",
			"png": true,
			"useClassSelector": true,
			"color": 4473924,
			"bgColor": 16777215,
			"classSelector": ".icon"
		},
		"historySize": 100,
		"showCodes": true,
		"gridSize": 16
	}
}